Date,Event,Main_Event,Title,Promotion,Fighter_1,Fighter_2,Rematch,Venue,City,Attendance,Gate,Buyrate
1993-11-12,UFC 1,1,The Beginning,Ultimate Fighting Championship,,,0,McNichols Sports Arena,"Denver, Colorado",7800.0,,86000.0
1994-03-11,UFC 2,1,No Way Out,Ultimate Fighting Championship,,,0,Mammoth Gardens,"Denver, Colorado",2000.0,,300000.0
1994-09-09,UFC 3,1,The American Dream,Ultimate Fighting Championship,,,0,Grady Cole Center,"Charlotte, North Carolina",3000.0,,90000.0
1994-12-16,UFC 4,1,Revenge of the Warriors,Ultimate Fighting Championship,,,0,Expo Square Pavilion,"Tulsa, Oklahoma",5857.0,,120000.0
1995-04-07,UFC 5,1,Gracie vs. Shamrock 2,Ultimate Fighting Championship,Gracie,Shamrock,1,Independence Arena,"Charlotte, North Carolina",6000.0,,260000.0
1995-07-14,UFC 6,1,Shamrock vs. Severn,Ultimate Fighting Championship,Shamrock,Severn,0,Casper Events Center,"Casper, Wyoming",2700.0,,240000.0
1995-09-08,UFC 7,1,,Ultimate Fighting Championship,,,0,Memorial Auditorium,"Buffalo, New York",9000.0,,190000.0
1995-12-16,Ultimate Ultimate 1995,0,,Ultimate Fighting Championship,,,0,Mammoth Gardens,"Denver, Colorado",2800.0,,251000.0
1996-02-16,UFC 8,1,Shamrock vs. Leopoldo,Ultimate Fighting Championship,Shamrock,Leopoldo,0,Ruben Rodriguez Coliseum,"Bayamón, Puerto Rico",13000.0,,300000.0
1996-05-17,UFC 9,1,Shamrock vs. Severn 2,Ultimate Fighting Championship,Shamrock,Severn,1,Cobo Arena,"Detroit, Michigan",10000.0,,141000.0
1996-07-12,UFC 10,1,The Tournament,Ultimate Fighting Championship,,,0,Fairgrounds Arena,"Birmingham, Alabama",4300.0,,96000.0
1996-09-20,UFC 11,1,The Proving Ground,Ultimate Fighting Championship,,,0,Augusta Civic Center,"Augusta, Georgia",4500.0,,92000.0
1996-12-07,Ultimate Ultimate 1996,0,,Ultimate Fighting Championship,,,0,Fair Park Arena,"Birmingham, Alabama",6000.0,,120000.0
1997-02-07,UFC 12,1,Judgement Day,Ultimate Fighting Championship,,,0,Dothan Civic Center,"Dothan, Alabama",3100.0,,122000.0
1997-05-30,UFC 13,1,The Ultimate Force,Ultimate Fighting Championship,,,0,Augusta Civic Center,"Augusta, Georgia",5100.0,,
1997-07-27,UFC 14,1,Showdown,Ultimate Fighting Championship,,,0,Boutwell Auditorium,"Birmingham, Alabama",5000.0,,
1997-10-17,UFC 15,1,Collision Course,Ultimate Fighting Championship,,,0,Casino Magic Bay St. Louis,"Bay St. Louis, Mississippi",,,
1997-12-21,UFC Japan,0,Ultimate Japan,Ultimate Fighting Championship,,,0,Yokohama Arena,"Yokohama, Japan",5000.0,,
1998-03-13,UFC 16,1,Battle in the Bayou,Ultimate Fighting Championship,,,0,Pontchartrain Center,"New Orleans, Louisiana",4600.0,,
1998-05-15,UFC 17,1,Redemption,Ultimate Fighting Championship,,,0,Mobile Civic Center,"Mobile, Alabama",,,
1998-10-16,UFC Brazil,0,Ultimate Brazil,Ultimate Fighting Championship,,,0,Ginásio da Portuguesa,"Sao Paulo, Brazil",,,
1999-01-08,UFC 18,1,The Road to the Heavyweight Title,Ultimate Fighting Championship,,,0,Pontchartrain Center,"New Orleans, Louisiana",,,
1999-03-05,UFC 19,1,Ultimate Young Guns,Ultimate Fighting Championship,,,0,Casino Magic Bay St. Louis,"Bay St. Louis, Mississippi",,,
1999-05-07,UFC 20,1,Battle for the Gold,Ultimate Fighting Championship,,,0,Boutwell Auditorium,"Birmingham, Alabama",,,
1999-07-16,UFC 21,1,Return of the Champions,Ultimate Fighting Championship,,,0,Five Seasons Events Center,"Cedar Rapids, Iowa",,,
1999-09-24,UFC 22,1,Only One Can be Champion,Ultimate Fighting Championship,,,0,Lake Charles Civic Center,"Lake Charles, Louisiana",,,
1999-11-19,UFC 23,1,Ultimate Japan 2,Ultimate Fighting Championship,,,1,Tokyo Bay NK Hall,"Tokyo, Japan",,,
2000-03-10,UFC 24,1,First Defense,Ultimate Fighting Championship,,,0,Lake Charles Civic Center,"Lake Charles, Louisiana",,,
2000-04-14,UFC 25,1,Ultimate Japan 3,Ultimate Fighting Championship,,,1,Yoyogi National Gymnasium,"Tokyo, Japan",,,
2000-06-09,UFC 26,1,Ultimate Field of Dreams,Ultimate Fighting Championship,,,0,Five Seasons Events Center,"Cedar Rapids, Iowa",,,
2000-09-22,UFC 27,1,Ultimate Bad Boyz,Ultimate Fighting Championship,,,0,Lakefront Arena,"New Orleans, Louisiana",,,
2000-11-17,UFC 28,1,High Stakes,Ultimate Fighting Championship,,,0,Trump Taj Mahal,"Atlantic City, New Jersey",,,
2000-12-16,UFC 29,1,Defense of the Belts,Ultimate Fighting Championship,,,0,Differ Ariake Arena,"Tokyo, Japan",1414.0,,
2001-02-23,UFC 30,1,Battle on the Boardwalk,Ultimate Fighting Championship,,,0,Trump Taj Mahal,"Atlantic City, New Jersey",,,
2001-05-04,UFC 31,1,Locked and Loaded,Ultimate Fighting Championship,,,0,Trump Taj Mahal,"Atlantic City, New Jersey",,,
2001-06-29,UFC 32,1,Showdown in the Meadowlands,Ultimate Fighting Championship,,,0,Continental Airlines Arena,"East Rutherford, New Jersey",12500.0,,
2001-09-28,UFC 33,1,Victory in Vegas,Ultimate Fighting Championship,,,0,Mandalay Bay Events Center,"Las Vegas, Nevada",9500.0,816660.0,75000.0
2001-11-02,UFC 34,1,High Voltage,Ultimate Fighting Championship,,,0,MGM Grand Garden Arena,"Las Vegas, Nevada",9000.0,502550.0,65000.0
2002-01-11,UFC 35,1,Throwdown,Ultimate Fighting Championship,,,0,Mohegan Sun Arena,"Uncasville, Connecticut",9600.0,,35000.0
2002-03-22,UFC 36,1,Worlds Collide,Ultimate Fighting Championship,,,0,MGM Grand Arena,"Las Vegas, Nevada",10000.0,898850.0,55000.0
2002-05-10,UFC 37,1,High Impact,Ultimate Fighting Championship,,,0,CenturyTel Center,"Bossier City, Louisiana",7200.0,,50000.0
2002-06-22,UFC 37.5,1,As Real As It Gets,Ultimate Fighting Championship,,,0,Bellagio Hotel and Casino,"Las Vegas, Nevada",3700.0,,
2002-07-13,UFC 38,1,Brawl at the Hall,Ultimate Fighting Championship,,,0,Royal Albert Hall,"London, United Kingdom",3800.0,,45000.0
2002-09-27,UFC 39,1,The Warriors Return,Ultimate Fighting Championship,,,0,Mohegan Sun Arena,"Uncasville, Connecticut",7800.0,,45000.0
2002-11-22,UFC 40,1,Vendetta,Ultimate Fighting Championship,,,0,MGM Grand Arena,"Las Vegas, Nevada",13265.0,1540000.0,100000.0
2003-02-28,UFC 41,1,Onslaught,Ultimate Fighting Championship,,,0,Boardwalk Hall,"Atlantic City, New Jersey",13401.0,,60000.0
2003-04-25,UFC 42,1,Sudden Impact,Ultimate Fighting Championship,,,0,American Airlines Arena,"Miami, Florida",6700.0,,35000.0
2003-06-06,UFC 43,1,Meltdown,Ultimate Fighting Championship,,,0,Thomas and Mack Center,"Las Vegas, Nevada",9800.0,645140.0,49000.0
2003-09-26,UFC 44,1,Undisputed,Ultimate Fighting Championship,,,0,Mandalay Bay Events Center,"Las Vegas, Nevada",10400.0,127985.0,94000.0
2003-11-21,UFC 45,1,Revolution,Ultimate Fighting Championship,,,0,Mohegan Sun Arena,"Uncasville, Connecticut",9200.0,,40000.0
2004-01-31,UFC 46,1,Supernatural,Ultimate Fighting Championship,,,0,Mandalay Bay Events Center,"Las Vegas, Nevada",10700.0,1377000.0,80000.0
2004-04-02,UFC 47,1,It’s On!,Ultimate Fighting Championship,,,0,Mandalay Bay Events Center,"Las Vegas, Nevada",11437.0,1444020.0,105000.0
2004-06-19,UFC 48,1,Payback,Ultimate Fighting Championship,,,0,Mandalay Bay Events Center,"Las Vegas, Nevada",10000.0,901655.0,110000.0
2004-08-21,UFC 49,1,Unfinished Business,Ultimate Fighting Championship,,,0,MGM Grand Arena,"Las Vegas, Nevada",12100.0,1293035.0,80000.0
2004-10-22,UFC 50,1,The War of '04,Ultimate Fighting Championship,,,0,Trump Plaza,"Atlantic City, New Jersey",9000.0,,40000.0
2005-02-05,UFC 51,1,Super Saturday,Ultimate Fighting Championship,,,0,Mandalay Bay Events Center,"Las Vegas, Nevada",11072.0,1493000.0,105000.0
2005-04-09,The Ultimate Fighter,0,Team Couture vs. Team Liddell Finale,Ultimate Fighting Championship,Team Couture,Team Liddell,0,Cox Pavilion,"Las Vegas, Nevada",,,
2005-04-16,UFC 52,1,Couture vs. Liddell,Ultimate Fighting Championship,Couture,Liddell,0,MGM Grand Arena,"Las Vegas, Nevada",14562.0,2575450.0,280000.0
2005-06-04,UFC 53,1,Heavy Hitters,Ultimate Fighting Championship,,,0,Boardwalk Hall,"Atlantic City, New Jersey",12000.0,1100000.0,90000.0
2005-08-06,UFC Ultimate Fight Night,0,,Ultimate Fighting Championship,,,0,Cox Pavilion,"Las Vegas, Nevada",,,
2005-08-20,UFC 54,1,Boiling Point,Ultimate Fighting Championship,,,0,MGM Grand Arena,"Las Vegas, Nevada",13520.0,2336000.0,150000.0
2005-10-03,Ultimate Fight Night 2,0,,Ultimate Fighting Championship,,,0,Hard Rock Hotel and Casino,"Las Vegas, Nevada",,,
2005-10-07,UFC 55,1,Fury,Ultimate Fighting Championship,,,0,Mohegan Sun Arena,"Uncasville, Connecticut",8000.0,,125000.0
2005-11-05,The Ultimate Fighter,0,Team Hughes vs. Team Franklin Finale,Ultimate Fighting Championship,Team Hughes,Team Franklin,0,Hard Rock Hotel and Casino,"Las Vegas, Nevada",,,
2005-11-19,UFC 56,1,Full Force,Ultimate Fighting Championship,,,0,MGM Grand Arena,"Las Vegas, Nevada",12000.0,1986000.0,200000.0
2006-01-16,Ultimate Fight Night 3,0,,Ultimate Fighting Championship,,,0,Hard Rock Hotel and Casino,"Las Vegas, Nevada",1008.0,144600.0,
2006-02-04,UFC 57,1,Liddell vs. Couture 3,Ultimate Fighting Championship,Liddell,Couture,1,Mandalay Bay Events Center,"Las Vegas, Nevada",11000.0,3382400.0,400000.0
2006-03-04,UFC 58,1,USA vs. Canada,Ultimate Fighting Championship,USA,Canada,0,Mandalay Bay Events Center,"Las Vegas, Nevada",9569.0,1758450.0,300000.0
2006-04-06,Ultimate Fight Night 4,0,,Ultimate Fighting Championship,,,0,Hard Rock Hotel and Casino,"Las Vegas, Nevada",843.0,199150.0,
2006-04-15,UFC 59,1,Reality Check,Ultimate Fighting Championship,,,0,Arrowhead Pond,"Anaheim, California",13814.0,2191450.0,425000.0
2006-05-27,UFC 60,1,Hughes vs. Gracie,Ultimate Fighting Championship,Hughes,Gracie,0,Staples Center,"Los Angeles, California",14802.0,2900090.0,620000.0
2006-06-24,The Ultimate Fighter,0,Team Ortiz vs. Team Shamrock Finale,Ultimate Fighting Championship,Team Ortiz,Team Shamrock,0,Hard Rock Hotel and Casino,"Las Vegas, Nevada",,,
2006-06-28,Ultimate Fight Night 5,0,,Ultimate Fighting Championship,,,0,Hard Rock Hotel and Casino,"Las Vegas, Nevada",954.0,134368.0,
2006-07-08,UFC 61,1,Bitter Rivals,Ultimate Fighting Championship,,,0,Mandalay Bay Events Center,"Las Vegas, Nevada",11167.0,3350775.0,775000.0
2006-08-17,UFC Fight Night,0,Sanchez vs. Parisyan,Ultimate Fighting Championship,Sanchez,Parisyan,0,Red Rock Resort Spa and Casino,"Las Vegas, Nevada",,,
2006-08-26,UFC 62,1,Liddell vs. Sobral,Ultimate Fighting Championship,Liddell,Sobral,0,Mandalay Bay Events Center,"Las Vegas, Nevada",9859.0,3040880.0,500000.0
2006-09-23,UFC 63,1,Hughes vs. Penn,Ultimate Fighting Championship,Hughes,Penn,0,Arrowhead Pond,"Anaheim, California",12604.0,1582370.0,400000.0
2006-10-10,UFC,0,Ortiz vs. Shamrock 3: The Final Chapter,Ultimate Fighting Championship,Ortiz,Shamrock,1,Seminole Hard Rock Hotel and Casino,"Hollywood, Florida",3510.0,,
2006-10-14,UFC 64,1,Unstoppable,Ultimate Fighting Championship,,,0,Mandalay Bay Events Center,"Las Vegas, Nevada",10173.0,1790490.0,300000.0
2006-11-11,The Ultimate Fighter,0,The Comeback Finale,Ultimate Fighting Championship,,,0,Hard Rock Hotel and Casino,"Las Vegas, Nevada",,,
2006-11-18,UFC 65,1,Bad Intentions,Ultimate Fighting Championship,,,0,ARCO Arena,"Sacramento, California",14666.0,2138020.0,500000.0
2006-12-13,UFC Fight Night,0,Sanchez vs. Riggs,Ultimate Fighting Championship,Sanchez,Riggs,0,MCAS Miramar,"San Diego, California",,,
2006-12-30,UFC 66,1,Liddell vs. Ortiz,Ultimate Fighting Championship,Liddell,Ortiz,0,MGM Grand Garden Arena,"Las Vegas, Nevada",13761.0,5397300.0,1050000.0
2007-01-25,UFC Fight Night,0,Evans vs. Salmon,Ultimate Fighting Championship,Evans,Salmon,0,Seminole Hard Rock Hotel and Casino,"Hollywood, Florida",,,
2007-02-03,UFC 67,1,All or Nothing,Ultimate Fighting Championship,,,0,Mandalay Bay Events Center,"Las Vegas, Nevada",10227.0,2767130.0,350000.0
2007-03-03,UFC 68,1,The Uprising,Ultimate Fighting Championship,,,0,Nationwide Arena,"Columbus, Ohio",19049.0,3014000.0,534000.0
2007-04-05,UFC Fight Night,0,Stevenson vs. Guillard,Ultimate Fighting Championship,Stevenson,Guillard,0,Palms Casino Resort,"Las Vegas, Nevada",1734.0,,
2007-04-07,UFC 69,1,Shootout,Ultimate Fighting Championship,,,0,Toyota Center,"Houston, Texas",15269.0,2817200.0,400000.0
2007-04-21,UFC 70,1,Nations Collide,Ultimate Fighting Championship,,,0,Manchester Evening News Arena,"Manchester, United Kingdom",15114.0,2628472.0,
2007-05-26,UFC 71,1,Liddell vs. Jackson,Ultimate Fighting Championship,Liddell,Jackson,0,MGM Grand Garden Arena,"Las Vegas, Nevada",14728.0,4304000.0,675000.0
2007-06-12,UFC Fight Night,0,Stout vs. Fisher,Ultimate Fighting Championship,Stout,Fisher,0,Seminole Hard Rock Hotel and Casino,"Hollywood, Florida",,,
2007-06-16,UFC 72,1,Victory,Ultimate Fighting Championship,,,0,The Odyssey,"Belfast, Northern Ireland, United Kingdom.",8000.0,,200000.0
2007-06-23,The Ultimate Fighter,0,Team Pulver vs. Team Penn Finale,Ultimate Fighting Championship,Team Pulver,Team Penn,0,Palms Casino Resort,"Las Vegas, Nevada",,526000.0,
2007-07-07,UFC 73,1,Stacked,Ultimate Fighting Championship,,,0,ARCO Arena,"Sacramento, California",13183.0,1551920.0,425000.0
2007-08-25,UFC 74,1,Respect,Ultimate Fighting Championship,,,0,Mandalay Bay Events Center,"Las Vegas, Nevada",11118.0,3307000.0,520000.0
2007-09-08,UFC 75,1,Champion vs. Champion,Ultimate Fighting Championship,Champion,Champion,0,The O2 Arena,"London, United Kingdom",16235.0,,
2007-09-19,UFC Fight Night,0,Thomas vs. Florian,Ultimate Fighting Championship,Thomas,Florian,0,Palms Casino Resort,"Las Vegas, Nevada",,270000.0,
2007-09-22,UFC 76,1,Knockout,Ultimate Fighting Championship,,,0,Honda Center,"Anaheim, California",13770.0,1985000.0,475000.0
2007-10-20,UFC 77,1,Hostile Territory,Ultimate Fighting Championship,,,0,U.S. Bank Arena,"Cincinnati, Ohio",16054.0,2540000.0,325000.0
2007-11-17,UFC 78,1,Validation,Ultimate Fighting Championship,,,0,Prudential Center,"Newark, New Jersey",14071.0,2100000.0,400000.0
2007-12-08,The Ultimate Fighter,0,Team Hughes vs. Team Serra Finale,Ultimate Fighting Championship,Team Hughes,Team Serra,0,Palms Casino Resort,"Las Vegas, Nevada",,,
2007-12-29,UFC 79,1,Nemesis,Ultimate Fighting Championship,,,0,Mandalay Bay Events Center,"Las Vegas, Nevada",11075.0,4994000.0,650000.0
2008-01-19,UFC 80,1,Rapid Fire,Ultimate Fighting Championship,,,0,Metro Radio Arena,"Newcastle, United Kingdom",8412.0,1250000.0,225000.0
2008-01-23,UFC Fight Night,0,Swick vs. Burkman,Ultimate Fighting Championship,Swick,Burkman,0,Palms Casino Resort,"Las Vegas, Nevada",,,
2008-02-02,UFC 81,1,Breaking Point,Ultimate Fighting Championship,,,0,Mandalay Bay Events Center,"Las Vegas, Nevada",10583.0,2437890.0,600000.0
2008-03-01,UFC 82,1,Pride of a Champion,Ultimate Fighting Championship,,,0,Nationwide Arena,"Columbus, Ohio",16431.0,2200000.0,325000.0
2008-04-02,UFC Fight Night,0,Florian vs. Lauzon,Ultimate Fighting Championship,Florian,Lauzon,0,Broomfield Event Center,"Broomfield, Colorado",6742.0,753429.0,
2008-04-19,UFC 83,1,Serra vs. St-Pierre 2,Ultimate Fighting Championship,Serra,St-Pierre,1,Bell Centre,"Montreal, Quebec, Canada",21390.0,5100000.0,530000.0
2008-05-24,UFC 84,1,Ill Will,Ultimate Fighting Championship,,,0,MGM Grand Garden Arena,"Las Vegas, Nevada",14773.0,3732000.0,475000.0
2008-06-07,UFC 85,1,Bedlam,Ultimate Fighting Championship,,,0,The O2 Arena,"London, United Kingdom",15327.0,,215000.0
2008-06-21,The Ultimate Fighter,0,Team Rampage vs. Team Forrest Finale,Ultimate Fighting Championship,Team Rampage,Team Forrest,0,Palms Casino Resort,"Las Vegas, Nevada",2500.0,495350.0,
2008-07-05,UFC 86,1,Jackson vs. Griffin,Ultimate Fighting Championship,Jackson,Griffin,0,Mandalay Bay Events Center,"Las Vegas, Nevada",10990.0,3350730.0,540000.0
2008-07-19,UFC Fight Night,0,Silva vs. Irvin,Ultimate Fighting Championship,Silva,Irvin,0,Palms Casino Resort,"Las Vegas, Nevada",2071.0,,100000.0
2008-08-09,UFC 87,1,Seek and Destroy,Ultimate Fighting Championship,,,0,Target Center,"Minneapolis, Minnesota",15087.0,2252000.0,625000.0
2008-09-06,UFC 88,1,Breakthrough,Ultimate Fighting Championship,,,0,Philips Arena,"Atlanta, Georgia",14736.0,2600000.0,480000.0
2008-09-17,UFC Fight Night,0,Diaz vs. Neer,Ultimate Fighting Championship,Diaz,Neer,0,Omaha Civic Auditorium,"Omaha, Nebraska",9103.0,700000.0,
2008-10-18,UFC 89,1,Bisping vs. Leben,Ultimate Fighting Championship,Bisping,Leben,0,National Indoor Arena,"Birmingham, United Kingdom",9515.0,,
2008-10-25,UFC 90,1,Silva vs. Côté,Ultimate Fighting Championship,Silva,Côté,0,Allstate Arena,"Rosemont, Illinois",15359.0,2850000.0,300000.0
2008-11-15,UFC 91,1,Couture vs. Lesnar,Ultimate Fighting Championship,Couture,Lesnar,0,MGM Grand Garden Arena,"Las Vegas, Nevada",14272.0,4815675.0,1010000.0
2008-12-10,UFC,0,Fight for the Troops,Ultimate Fighting Championship,,,0,Cumberland County Crown Coliseum,"Fayetteville, North Carolina",8200.0,,
2008-12-13,The Ultimate Fighter,0,Team Nogueira vs. Team Mir Finale,Ultimate Fighting Championship,Team Nogueira,Team Mir,0,Palms Casino Resort,"Las Vegas, Nevada",1853.0,405000.0,
2008-12-27,UFC 92,1,The Ultimate 2008,Ultimate Fighting Championship,,,1,MGM Grand Garden Arena,"Las Vegas, Nevada",14103.0,3468440.0,1000000.0
2009-01-17,UFC 93,1,Franklin vs. Henderson,Ultimate Fighting Championship,Franklin,Henderson,0,The O2,"Dublin, Ireland",9369.0,1300000.0,350000.0
2009-01-31,UFC 94,1,St-Pierre vs. Penn 2,Ultimate Fighting Championship,St-Pierre,Penn,1,MGM Grand Garden Arena[1],"Las Vegas, Nevada",14885.0,4290020.0,920000.0
2009-02-07,UFC Fight Night,0,Lauzon vs. Stephens,Ultimate Fighting Championship,Lauzon,Stephens,0,USF Sun Dome[1],"Tampa, Florida[1]",7596.0,428000.0,
2009-02-21,UFC 95,1,Sanchez vs. Stevenson,Ultimate Fighting Championship,Sanchez,Stevenson,0,The O2 Arena,"London, United Kingdom",13268.0,1000000.0,
2009-03-07,UFC 96,1,Jackson vs. Jardine,Ultimate Fighting Championship,Jackson,Jardine,0,Nationwide Arena,"Columbus, Ohio",17033.0,1800000.0,350000.0
2009-04-01,UFC Fight Night,0,Condit vs. Kampmann,Ultimate Fighting Championship,Condit,Kampmann,0,Sommet Center,"Nashville, Tennessee",10267.0,626077.0,
2009-04-18,UFC 97,1,Redemption,Ultimate Fighting Championship,,,0,Bell Centre,"Montreal, Quebec, Canada",21451.0,4900000.0,650000.0
2009-05-23,UFC 98,1,Evans vs. Machida,Ultimate Fighting Championship,Evans,Machida,0,MGM Grand Garden Arena,"Las Vegas, Nevada",12606.0,3257350.0,635000.0
2009-06-13,UFC 99,1,The Comeback,Ultimate Fighting Championship,,,0,Lanxess Arena,"Cologne, Germany",12854.0,1300000.0,360000.0
2009-06-20,The Ultimate Fighter,0,United States vs. United Kingdom Finale,Ultimate Fighting Championship,United States,United Kingdom,0,Pearl Concert Theater,"Las Vegas, Nevada",2217.0,498650.0,
2009-07-11,UFC 100,1,,Ultimate Fighting Championship,,,0,Mandalay Bay Events Center,"Las Vegas, Nevada",10871.0,5101740.0,1600000.0
2009-08-08,UFC 101,1,Declaration,Ultimate Fighting Championship,,,0,Wachovia Center,"Philadelphia, Pennsylvania",17411.0,3550000.0,850000.0
2009-08-29,UFC 102,1,Couture vs. Nogueira,Ultimate Fighting Championship,Couture,Nogueira,0,Rose Garden,"Portland, Oregon",16088.0,1920000.0,435000.0
2009-09-16,UFC Fight Night,0,Diaz vs. Guillard,Ultimate Fighting Championship,Diaz,Guillard,0,Cox Convention Center,"Oklahoma City, Oklahoma",9490.0,577997.0,
2009-09-19,UFC 103,1,Franklin vs. Belfort,Ultimate Fighting Championship,Franklin,Belfort,0,American Airlines Center,"Dallas, Texas",17428.0,2400000.0,375000.0
2009-10-24,UFC 104,1,Machida vs. Shogun,Ultimate Fighting Championship,Machida,Shogun,0,Staples Center,"Los Angeles, California",14892.0,1913093.0,500000.0
2009-11-14,UFC 105,1,Couture vs. Vera,Ultimate Fighting Championship,Couture,Vera,0,Evening News Arena,"Manchester, United Kingdom",16693.0,2000000.0,
2009-11-21,UFC 106,1,Ortiz vs. Griffin 2,Ultimate Fighting Championship,Ortiz,Griffin,1,Mandalay Bay Events Center,"Las Vegas, Nevada",10529.0,3003250.0,375000.0
2009-12-05,The Ultimate Fighter,0,Heavyweights Finale,Ultimate Fighting Championship,,,0,Palms Casino Resort,"Las Vegas, Nevada",1791.0,503600.0,
2009-12-12,UFC 107,1,Penn vs. Sanchez,Ultimate Fighting Championship,Penn,Sanchez,0,FedExForum,"Memphis, Tennessee",13896.0,1500000.0,620000.0
2010-01-02,UFC 108,1,Evans vs. Silva,Ultimate Fighting Championship,Evans,Silva,0,MGM Grand Garden Arena,"Las Vegas, Nevada",13529.0,1969670.0,300000.0
2010-01-11,UFC Fight Night,0,Maynard vs. Diaz,Ultimate Fighting Championship,Maynard,Diaz,0,Patriot Center,"Fairfax, Virginia",8078.0,753962.0,
2010-02-06,UFC 109,1,Relentless,Ultimate Fighting Championship,,,0,Mandalay Bay Events Center,"Las Vegas, Nevada",10753.0,2273000.0,275000.0
2010-02-21,UFC 110,1,Nogueira vs. Velasquez,Ultimate Fighting Championship,Nogueira,Velasquez,0,Acer Arena,"Sydney, Australia",17431.0,2500000.0,240000.0
2010-03-21,UFC Live,0,Vera vs. Jones,Ultimate Fighting Championship,Vera,Jones,0,1stBank Center,"Broomfield, Colorado[1]",6443.0,568125.0,
2010-03-27,UFC 111,1,St-Pierre vs. Hardy,Ultimate Fighting Championship,St-Pierre,Hardy,0,Prudential Center,"Newark, New Jersey",17000.0,4000000.0,770000.0
2010-03-31,UFC Fight Night,0,Florian vs. Gomi,Ultimate Fighting Championship,Florian,Gomi,0,Bojangles' Coliseum,"Charlotte, North Carolina",7700.0,590685.0,
2010-04-10,UFC 112,1,Invincible,Ultimate Fighting Championship,,,0,"Concert Arena, Yas Island","Abu Dhabi, United Arab Emirates",11008.0,3500000.0,500000.0
2010-05-08,UFC 113,1,Machida vs. Shogun 2,Ultimate Fighting Championship,Machida,Shogun,1,Bell Centre,"Montreal, Quebec, Canada",17647.0,3270000.0,520000.0
2010-05-29,UFC 114,1,Rampage vs. Evans,Ultimate Fighting Championship,Rampage,Evans,0,MGM Grand Garden Arena,"Las Vegas, Nevada",14996.0,3895000.0,1050000.0
2010-06-12,UFC 115,1,Liddell vs. Franklin,Ultimate Fighting Championship,Liddell,Franklin,0,General Motors Place,"Vancouver, British Columbia, Canada",17669.0,4221787.0,520000.0
2010-06-19,The Ultimate Fighter,0,Team Liddell vs. Team Ortiz Finale,Ultimate Fighting Championship,Team Liddell,Team Ortiz,0,Palms Casino Resort,"Las Vegas, Nevada",1708.0,430000.0,
2010-07-03,UFC 116,1,Lesnar vs. Carwin,Ultimate Fighting Championship,Lesnar,Carwin,0,MGM Grand Garden Arena,"Las Vegas, Nevada",12740.0,2053990.0,1160000.0
2010-08-01,UFC Live,0,Jones vs. Matyushenko,Ultimate Fighting Championship,Jones,Matyushenko,0,Valley View Casino Center,"San Diego, California",8132.0,489685.0,
2010-08-07,UFC 117,1,Silva vs. Sonnen,Ultimate Fighting Championship,Silva,Sonnen,0,Oracle Arena,"Oakland, California",12971.0,1560000.0,600000.0
2010-08-28,UFC 118,1,Edgar vs. Penn 2,Ultimate Fighting Championship,Edgar,Penn,1,TD Garden,"Boston, Massachusetts",14168.0,2800000.0,570000.0
2010-09-15,UFC Fight Night,0,Marquardt vs. Palhares,Ultimate Fighting Championship,Marquardt,Palhares,0,Frank Erwin Center,"Austin, Texas",7724.0,595900.0,
2010-09-25,UFC 119,1,Mir vs. Cro Cop,Ultimate Fighting Championship,Mir,Cro Cop,0,Conseco Fieldhouse,"Indianapolis, Indiana",15811.0,1600000.0,295000.0
2010-10-16,UFC 120,1,Bisping vs. Akiyama,Ultimate Fighting Championship,Bisping,Akiyama,0,O2 Arena,"London, United Kingdom",17133.0,2560000.0,
2010-10-23,UFC 121,1,Lesnar vs. Velasquez,Ultimate Fighting Championship,Lesnar,Velasquez,0,Honda Center,"Anaheim, California",14856.0,2237000.0,1050000.0
2010-11-13,UFC 122,1,Marquardt vs. Okami,Ultimate Fighting Championship,Marquardt,Okami,0,König Pilsener Arena,"Oberhausen, Germany",8421.0,600000.0,
2010-11-20,UFC 123,1,Rampage vs. Machida,Ultimate Fighting Championship,Rampage,Machida,0,The Palace of Auburn Hills,"Auburn Hills, Michigan",16404.0,2100000.0,500000.0
2010-12-04,The Ultimate Fighter,0,Team GSP vs. Team Koscheck Finale,Ultimate Fighting Championship,Team GSP,Team Koscheck,0,Palms Casino Resort,"Las Vegas, Nevada",1903.0,380025.0,
2010-12-11,UFC 124,1,St-Pierre vs. Koscheck 2,Ultimate Fighting Championship,St-Pierre,Koscheck,1,Bell Centre,"Montreal, Quebec, Canada",23152.0,4600000.0,800000.0
2011-01-01,UFC 125,1,Resolution,Ultimate Fighting Championship,,,0,MGM Grand Garden Arena,"Las Vegas, Nevada",12874.0,2174780.0,270000.0
2011-01-22,UFC,0,Fight for the Troops 2,Ultimate Fighting Championship,,,1,Fort Hood,"Killeen, Texas",3200.0,,
2011-02-05,UFC 126,1,Silva vs. Belfort,Ultimate Fighting Championship,Silva,Belfort,0,Mandalay Bay Events Center,"Las Vegas, Nevada",10893.0,3600000.0,725000.0
2011-02-27,UFC 127,1,Penn vs. Fitch,Ultimate Fighting Championship,Penn,Fitch,0,Acer Arena,"Sydney, Australia",18186.0,3500000.0,260000.0
2011-03-03,UFC Live,0,Sanchez vs. Kampmann,Ultimate Fighting Championship,Sanchez,Kampmann,0,KFC Yum! Center,"Louisville, Kentucky",8319.0,471450.0,
2011-03-19,UFC 128,1,Shogun vs Jones,Ultimate Fighting Championship,Shogun,Jones,0,Prudential Center,"Newark, New Jersey",12619.0,2140000.0,490000.0
2011-03-26,UFC Fight Night,0,Nogueira vs. Davis,Ultimate Fighting Championship,Nogueira,Davis,0,KeyArena,"Seattle, Washington",13741.0,1182850.0,
2011-04-30,UFC 129,1,St-Pierre vs. Shields,Ultimate Fighting Championship,St-Pierre,Shields,0,Rogers Centre,"Toronto, Ontario, Canada",55724.0,12075000.0,800000.0
2011-05-28,UFC 130,1,Rampage vs. Hamill,Ultimate Fighting Championship,Rampage,Hamill,0,MGM Grand Garden Arena,"Las Vegas, Nevada",12753.0,2580000.0,325000.0
2011-06-04,The Ultimate Fighter,0,Team Lesnar vs. Team dos Santos Finale,Ultimate Fighting Championship,Team Lesnar,Team dos Santos,0,Palms Casino Resort,"Las Vegas, Nevada",2053.0,440150.0,
2011-06-11,UFC 131,1,dos Santos vs. Carwin,Ultimate Fighting Championship,dos Santos,Carwin,0,Rogers Arena,"Vancouver, British Columbia, Canada",14685.0,2800000.0,330000.0
2011-06-26,UFC Live,0,Kongo vs. Barry,Ultimate Fighting Championship,Kongo,Barry,0,Consol Energy Center,"Pittsburgh, Pennsylvania",7792.0,562000.0,
2011-07-02,UFC 132,1,Cruz vs. Faber 2,Ultimate Fighting Championship,Cruz,Faber,1,MGM Grand Garden Arena,"Las Vegas, Nevada",13109.0,2304500.0,350000.0
2011-08-06,UFC 133,1,Evans vs. Ortiz,Ultimate Fighting Championship,Evans,Ortiz,0,Wells Fargo Center,"Philadelphia, Pennsylvania",11583.0,1500000.0,310000.0
2011-08-14,UFC Live,0,Hardy vs. Lytle,Ultimate Fighting Championship,Hardy,Lytle,0,Bradley Center,"Milwaukee, Wisconsin",6751.0,539000.0,
2011-08-27,UFC 134,1,Silva vs. Okami 2,Ultimate Fighting Championship,Silva,Okami,1,HSBC Arena,"Rio de Janeiro, Brazil",14000.0,,335000.0
2011-09-17,UFC Fight Night,0,Shields vs. Ellenberger,Ultimate Fighting Championship,Shields,Ellenberger,0,Morial Convention Center,"New Orleans, Louisiana",7112.0,685000.0,
2011-09-24,UFC 135,1,Jones vs. Rampage,Ultimate Fighting Championship,Jones,Rampage,0,Pepsi Center,"Denver, Colorado",16344.0,2089575.0,520000.0
2011-10-01,UFC Live,0,Cruz vs. Johnson,Ultimate Fighting Championship,Cruz,Johnson,0,Verizon Center,"Washington, D.C.",9380.0,706775.0,
2011-10-08,UFC 136,1,Edgar vs. Maynard III,Ultimate Fighting Championship,Edgar,Maynard,1,Toyota Center,"Houston, Texas",16164.0,2230000.0,225000.0
2011-10-29,UFC 137,1,Penn vs. Diaz,Ultimate Fighting Championship,Penn,Diaz,0,Mandalay Bay Events Center,"Las Vegas, Nevada",10313.0,3900650.0,280000.0
2011-11-05,UFC 138,1,Leben vs. Muñoz,Ultimate Fighting Championship,Leben,Muñoz,0,LG Arena,"Birmingham, United Kingdom",10823.0,1500000.0,
2011-11-12,UFC on Fox,0,Velasquez vs. dos Santos,Ultimate Fighting Championship,Velasquez,dos Santos,0,Honda Center,"Anaheim, California",11607.0,1072187.0,
2011-11-19,UFC 139,1,Shogun vs. Henderson,Ultimate Fighting Championship,Shogun,Henderson,0,HP Pavilion,"San Jose, California",13832.0,1268000.0,290000.0
2011-12-03,The Ultimate Fighter,0,Team Bisping vs. Team Miller Finale,Ultimate Fighting Championship,Team Bisping,Team Miller,0,Palms Casino Resort,"Las Vegas, Nevada",1909.0,452700.0,
2011-12-10,UFC 140,1,Jones vs. Machida,Ultimate Fighting Championship,Jones,Machida,0,Air Canada Centre,"Toronto, Ontario, Canada",18303.0,3900000.0,480000.0
2011-12-30,UFC 141,1,Lesnar vs. Overeem,Ultimate Fighting Championship,Lesnar,Overeem,0,MGM Grand Garden Arena,"Las Vegas, Nevada",13793.0,3100000.0,780000.0
2012-01-14,UFC 142,1,Aldo vs. Mendes,Ultimate Fighting Championship,Aldo,Mendes,0,HSBC Arena,"Rio de Janeiro, Brazil",10605.0,,235000.0
2012-01-20,UFC on FX,0,Guillard vs. Miller,Ultimate Fighting Championship,Guillard,Miller,0,Bridgestone Arena,"Nashville, Tennessee",7728.0,334860.0,
2012-07-21,UFC 149,1,Faber vs. Barão,Ultimate Fighting Championship,Faber,Barão,0,Scotiabank Saddledome,"Calgary, Alberta, Canada",16089.0,4100000.0,235000.0
2012-08-04,UFC on Fox,0,Shogun vs. Vera,Ultimate Fighting Championship,Shogun,Vera,0,Staples Center,"Los Angeles, California",16080.0,1100000.0,
2012-08-11,UFC 150,1,Henderson vs. Edgar II,Ultimate Fighting Championship,Henderson,Edgar,1,Pepsi Center,"Denver, Colorado",13027.0,619955.0,190000.0
2012-09-22,UFC 152,1,Jones vs. Belfort,Ultimate Fighting Championship,Jones,Belfort,0,Air Canada Centre,"Toronto, Ontario, Canada",16800.0,1921000.0,450000.0
2012-09-29,UFC on Fuel TV,0,Struve vs. Miocic,Ultimate Fighting Championship,Struve,Miocic,0,Capital FM Arena,"Nottingham, United Kingdom",7241.0,970000.0,
2012-10-05,UFC on FX,0,Browne vs. Bigfoot,Ultimate Fighting Championship,Browne,Bigfoot,0,Target Center,"Minneapolis, Minnesota",7049.0,358000.0,
2012-10-13,UFC 153,1,Silva vs. Bonnar,Ultimate Fighting Championship,Silva,Bonnar,0,HSBC Arena,"Rio de Janeiro, Brazil",16844.0,,410000.0
2012-11-10,UFC on Fuel TV,0,Franklin vs. Le,Ultimate Fighting Championship,Franklin,Le,0,CotaiArena,"Macau, SAR, China",8415.0,1300000.0,
2012-11-17,UFC 154,1,St-Pierre vs. Condit,Ultimate Fighting Championship,St-Pierre,Condit,0,Bell Centre,"Montreal, Quebec, Canada",17249.0,3143000.0,700000.0
2012-12-08,UFC on Fox,0,Henderson vs. Diaz,Ultimate Fighting Championship,Henderson,Diaz,0,KeyArena,"Seattle, Washington",14387.0,1522600.0,
2012-12-15,UFC on FX,0,Sotiropoulos vs. Pearson,Ultimate Fighting Championship,Sotiropoulos,Pearson,0,Gold Coast Convention and Exhibition Centre,"Queensland, Australia",5133.0,900000.0,
2012-12-15,The Ultimate Fighter,0,Team Carwin vs. Team Nelson Finale,Ultimate Fighting Championship,Team Carwin,Team Nelson,0,Hard Rock Hotel and Casino,"Las Vegas, Nevada",2427.0,569075.0,
2012-12-29,UFC 155,1,dos Santos vs. Velasquez 2,Ultimate Fighting Championship,dos Santos,Velasquez,1,MGM Grand Garden Arena,"Las Vegas, Nevada",13561.0,3286025.0,590000.0
2013-04-20,UFC on Fox,0,Henderson vs. Melendez,Ultimate Fighting Championship,Henderson,Melendez,0,HP Pavilion,"San Jose, California",13506.0,,
2013-04-27,UFC 159,1,Jones vs. Sonnen,Ultimate Fighting Championship,Jones,Sonnen,0,Prudential Center,"Newark, New Jersey",15227.0,2700000.0,530000.0
2013-05-18,UFC on FX,0,Belfort vs. Rockhold,Ultimate Fighting Championship,Belfort,Rockhold,0,Arena Jaraguá,"Jaraguá do Sul, Brazil",7642.0,,
2013-05-25,UFC 160,1,Velasquez vs. Bigfoot 2,Ultimate Fighting Championship,Velasquez,Bigfoot,1,MGM Grand Garden Arena,"Las Vegas, Nevada",12380.0,,380000.0
2013-06-08,UFC on Fuel TV,0,Nogueira vs. Werdum,Ultimate Fighting Championship,Nogueira,Werdum,0,Ginásio Paulo Sarasate,"Fortaleza, Brazil",6286.0,,
2013-06-15,UFC 161,1,Evans vs. Henderson,Ultimate Fighting Championship,Evans,Henderson,0,MTS Centre,"Winnipeg, Manitoba, Canada",14754.0,,140000.0
2013-07-06,UFC 162,1,Silva vs. Weidman,Ultimate Fighting Championship,Silva,Weidman,0,MGM Grand Garden Arena,"Las Vegas, Nevada",12964.0,,550000.0
2013-07-27,UFC on Fox,0,Johnson vs. Moraga,Ultimate Fighting Championship,Johnson,Moraga,0,KeyArena,"Seattle, Washington",8967.0,700081.0,
2013-08-03,UFC 163,1,Aldo vs. Korean Zombie,Ultimate Fighting Championship,Aldo,Korean Zombie,0,HSBC Arena,"Rio De Janeiro, Brazil",13873.0,,180000.0
2013-08-17,UFC Fight Night,0,Shogun vs. Sonnen,Ultimate Fighting Championship,Shogun,Sonnen,0,TD Garden,"Boston, Massachusetts",14181.0,1534000.0,
2013-08-28,UFC Fight Night,0,Condit vs. Kampmann 2,Ultimate Fighting Championship,Condit,Kampmann,1,Bankers Life Fieldhouse,"Indianapolis, Indiana",6417.0,355290.0,
2013-08-31,UFC 164,1,Henderson vs. Pettis II,Ultimate Fighting Championship,Henderson,Pettis,1,BMO Harris Bradley Center,"Milwaukee, Wisconsin",9178.0,907116.0,270000.0
2013-09-04,UFC Fight Night,0,Teixeira vs. Bader,Ultimate Fighting Championship,Teixeira,Bader,0,Mineirinho Arena,"Belo Horizonte, Brazil",5126.0,,
2013-09-21,UFC 165,1,Jones vs. Gustafsson,Ultimate Fighting Championship,Jones,Gustafsson,0,Air Canada Centre,"Toronto, Ontario, Canada",15504.0,,310000.0
2013-10-09,UFC Fight Night,0,Maia vs. Shields,Ultimate Fighting Championship,Maia,Shields,0,Ginásio José Corrêa,"Barueri, Brazil",6621.0,,
2013-10-19,UFC 166,1,Velasquez vs. dos Santos III,Ultimate Fighting Championship,Velasquez,dos Santos,1,Toyota Center,"Houston, Texas",17238.0,,330000.0
2013-10-26,UFC Fight Night,0,Machida vs. Muñoz,Ultimate Fighting Championship,Machida,Muñoz,0,Phones 4u Arena,"Manchester, United Kingdom",10355.0,,
2013-11-06,UFC,0,Fight for the Troops 3,Ultimate Fighting Championship,,,1,Fort Campbell,"Fort Campbell, Kentucky",,,
2013-11-09,UFC Fight Night,0,Belfort vs. Henderson 2,Ultimate Fighting Championship,Belfort,Henderson,1,Goiânia Arena,"Goiânia, Brazil",10565.0,,
2013-11-16,UFC 167,1,St-Pierre vs. Hendricks,Ultimate Fighting Championship,St-Pierre,Hendricks,0,MGM Grand Garden Arena,"Las Vegas, Nevada",14856.0,5759350.0,630000.0
2013-11-30,The Ultimate Fighter,0,Team Rousey vs. Team Tate Finale,Ultimate Fighting Championship,Team Rousey,Team Tate,0,Mandalay Bay Events Center,"Las Vegas, Nevada",4853.0,322742.0,
2013-12-07,UFC Fight Night,0,Hunt vs. Bigfoot,Ultimate Fighting Championship,Hunt,Bigfoot,0,Brisbane Entertainment Centre,"Brisbane, Queensland, Australia",11393.0,,
2013-12-14,UFC on Fox,0,Johnson vs. Benavidez 2,Ultimate Fighting Championship,Johnson,Benavidez,1,Sleep Train Arena,"Sacramento, California",11573.0,1066610.0,
2013-12-28,UFC 168,1,Weidman vs. Silva 2,Ultimate Fighting Championship,Weidman,Silva,1,MGM Grand Garden Arena,"Las Vegas, Nevada",15650.0,6238792.0,1025000.0
2014-01-04,UFC Fight Night,0,Saffiedine vs. Lim,Ultimate Fighting Championship,Saffiedine,Lim,0,Marina Bay Sands,"Marina Bay, Singapore",5216.0,,
2014-01-15,UFC Fight Night,0,Rockhold vs. Philippou,Ultimate Fighting Championship,Rockhold,Philippou,0,The Arena at Gwinnett Center,"Duluth, Georgia",5822.0,231951.0,
2014-01-25,UFC on Fox,0,Henderson vs. Thomson,Ultimate Fighting Championship,Henderson,Thomson,0,United Center,"Chicago, Illinois",10895.0,863655.0,
2014-02-01,UFC 169,1,Barão vs. Faber II,Ultimate Fighting Championship,Barão,Faber,1,Prudential Center,"Newark, New Jersey",14308.0,,230000.0
2014-02-15,UFC Fight Night,0,Machida vs. Mousasi,Ultimate Fighting Championship,Machida,Mousasi,0,Arena Jaraguá,"Jaraguá do Sul, Brazil",7511.0,,
2014-02-22,UFC 170,1,Rousey vs. McMann,Ultimate Fighting Championship,Rousey,McMann,0,Mandalay Bay Events Center,"Las Vegas, Nevada",10217.0,1558870.0,340000.0
2014-03-01,The Ultimate Fighter China Finale,0,Kim vs. Hathaway,Ultimate Fighting Championship,Kim,Hathaway,0,CotaiArena,"Macau, SAR, China",6000.0,,
2014-03-08,UFC Fight Night,0,Gustafsson  vs. Manuwa,Ultimate Fighting Championship,Gustafsson ,Manuwa,0,The O2 Arena,"London, England",14604.0,2000056.0,
2014-03-15,UFC 171,1,Hendricks vs. Lawler,Ultimate Fighting Championship,Hendricks,Lawler,0,American Airlines Center,"Dallas, Texas",19324.0,2600000.0,300000.0
2014-03-23,UFC Fight Night,0,Shogun vs. Henderson 2,Ultimate Fighting Championship,Shogun,Henderson,1,Ginásio Nélio Dias,"Natal, Brazil",6828.0,,
2014-04-11,UFC Fight Night,0,Nogueira vs. Nelson,Ultimate Fighting Championship,Nogueira,Nelson,0,du Arena,"Abu Dhabi, United Arab Emirates",7963.0,1800000.0,
2014-04-16,The Ultimate Fighter Nations Finale,0,Bisping vs. Kennedy,Ultimate Fighting Championship,Bisping,Kennedy,0,Colisée Pepsi,"Quebec City, Quebec, Canada",5029.0,340000.0,
2014-04-19,UFC on Fox,0,Werdum vs. Browne,Ultimate Fighting Championship,Werdum,Browne,0,Amway Center,"Orlando, Florida",14410.0,1651776.0,
2014-04-26,UFC 172,1,Jones vs. Teixeira,Ultimate Fighting Championship,Jones,Teixeira,0,Baltimore Arena,"Baltimore, Maryland",13485.0,,350000.0
2014-05-10,UFC Fight Night,0,Brown vs. Silva,Ultimate Fighting Championship,Brown,Silva,0,U.S. Bank Arena,"Cincinnati, Ohio",6143.0,415000.0,
2014-05-24,UFC 173,1,Barão vs. Dillashaw,Ultimate Fighting Championship,Barão,Dillashaw,0,MGM Grand Garden Arena,"Las Vegas, Nevada",11036.0,,215000.0
2014-05-31,UFC Fight Night,0,Muñoz vs. Mousasi,Ultimate Fighting Championship,Muñoz,Mousasi,0,O2 World,"Berlin, Germany",8000.0,,
2014-05-31,The Ultimate Fighter Brazil 3 Finale,0,Miocic vs. Maldonado,Ultimate Fighting Championship,Miocic,Maldonado,0,Ginásio do Ibirapuera,"São Paulo, Brazil",8986.0,,
2014-06-07,UFC Fight Night,0,Henderson vs. Khabilov,Ultimate Fighting Championship,Henderson,Khabilov,0,Tingley Coliseum,"Albuquerque, New Mexico",8775.0,697901.0,
2014-06-14,UFC 174,1,Johnson vs. Bagautinov,Ultimate Fighting Championship,Johnson,Bagautinov,0,Rogers Arena,"Vancouver, British Columbia, Canada",13506.0,,115000.0
2014-06-28,UFC Fight Night,0,Te Huna vs. Marquardt,Ultimate Fighting Championship,Te Huna,Marquardt,0,Vector Arena,"Auckland, New Zealand",8089.0,913000.0,
2014-06-28,UFC Fight Night,0,Swanson vs. Stephens,Ultimate Fighting Championship,Swanson,Stephens,0,AT&T Center,"San Antonio, Texas",9227.0,728358.0,
2014-07-05,UFC 175,1,Weidman vs. Machida,Ultimate Fighting Championship,Weidman,Machida,0,Mandalay Bay Events Center,"Las Vegas, Nevada",10088.0,4400000.0,545000.0
2014-07-06,The Ultimate Fighter,0,Team Edgar vs. Team Penn Finale,Ultimate Fighting Championship,Team Edgar,Team Penn,0,Mandalay Bay Events Center,"Las Vegas, Nevada",6500.0,835000.0,
2014-07-16,UFC Fight Night,0,Cerrone vs. Miller,Ultimate Fighting Championship,Cerrone,Miller,0,Revel Casino Hotel,"Atlantic City, New Jersey",4115.0,,
2014-07-19,UFC Fight Night,0,McGregor vs. Brandao,Ultimate Fighting Championship,McGregor,Brandao,0,The O2,"Dublin, Ireland",9500.0,,
2014-07-26,UFC on Fox,0,Lawler vs Brown,Ultimate Fighting Championship,Lawler,Brown,0,SAP Center,"San Jose, California",11482.0,735317.0,
2014-08-16,UFC Fight Night,0,Bader vs. Saint Preux,Ultimate Fighting Championship,Bader,Saint Preux,0,Cross Insurance Center,"Bangor, Maine",5329.0,321470.0,
2014-08-23,UFC Fight Night,0,Bisping vs. Le,Ultimate Fighting Championship,Bisping,Le,0,CotaiArena,"Macau, SAR, China",7022.0,,
2014-08-23,UFC Fight Night,0,Henderson vs. dos Anjos,Ultimate Fighting Championship,Henderson,dos Anjos,0,BOK Center,"Tulsa, Oklahoma",7119.0,452075.0,
2014-08-30,UFC 177,1,Dillashaw vs. Soto,Ultimate Fighting Championship,Dillashaw,Soto,0,Sleep Train Arena,"Sacramento, California",11100.0,700000.0,125000.0
2014-09-05,UFC Fight Night,0,Jacaré vs. Mousasi,Ultimate Fighting Championship,Jacaré,Mousasi,0,Foxwoods Resort Casino,"Mashantucket, Connecticut",4086.0,479620.0,
2014-09-13,UFC Fight Night,0,Bigfoot vs. Arlovski,Ultimate Fighting Championship,Bigfoot,Arlovski,0,Ginásio Nilson Nelson,"Brasília, Brazil",8822.0,,
2014-09-20,UFC Fight Night,0,Hunt vs. Nelson,Ultimate Fighting Championship,Hunt,Nelson,0,Saitama Super Arena,"Saitama, Japan",12395.0,,
2014-09-27,UFC 178,1,Johnson vs. Cariaso,Ultimate Fighting Championship,Johnson,Cariaso,0,MGM Grand Garden Arena,"Las Vegas, Nevada",10544.0,,205000.0
2014-10-04,UFC Fight Night,0,Nelson vs. Story,Ultimate Fighting Championship,Nelson,Story,0,Ericsson Globe Arena,"Stockholm, Sweden",10026.0,,
2014-10-04,UFC Fight Night,0,MacDonald vs. Saffiedine,Ultimate Fighting Championship,MacDonald,Saffiedine,0,Scotiabank Centre,"Halifax, Nova Scotia, Canada",10782.0,926000.0,
2014-10-25,UFC 179,1,Aldo vs. Mendes 2,Ultimate Fighting Championship,Aldo,Mendes,1,Ginásio do Maracanãzinho,"Rio de Janeiro, Brazil",11415.0,,180000.0
2014-11-08,UFC Fight Night,0,Rockhold vs. Bisping,Ultimate Fighting Championship,Rockhold,Bisping,0,Allphones Arena,"Sydney, Australia",9904.0,,
2014-11-08,UFC Fight Night,0,Shogun vs. Saint Preux,Ultimate Fighting Championship,Shogun,Saint Preux,0,Ginásio Municipal Tancredo Neves,"Uberlândia, Brazil",5671.0,,
2014-11-15,UFC 180,1,Werdum vs. Hunt,Ultimate Fighting Championship,Werdum,Hunt,0,Arena Ciudad de México,"Mexico City, Mexico",21000.0,,185000.0
2014-11-22,UFC Fight Night,0,Edgar vs. Swanson,Ultimate Fighting Championship,Edgar,Swanson,0,Frank Erwin Center,"Austin, Texas",10131.0,670022.0,
2014-12-06,UFC 181,1,Hendricks vs. Lawler II,Ultimate Fighting Championship,Hendricks,Lawler,1,Mandalay Bay Events Center,"Las Vegas, Nevada",9617.0,,400000.0
2014-12-12,The Ultimate Fighter,0,A Champion Will Be Crowned,Ultimate Fighting Championship,,,0,Palms Casino Resort,"Las Vegas, Nevada",1800.0,143000.0,
2014-12-13,UFC on Fox,0,dos Santos vs. Miocic,Ultimate Fighting Championship,dos Santos,Miocic,0,U.S. Airways Center,"Phoenix, Arizona",15350.0,,
2014-12-20,UFC Fight Night,0,Machida vs. Dollaway,Ultimate Fighting Championship,Machida,Dollaway,0,Ginásio José Corrêa,"Barueri, Brazil",,,
2015-01-03,UFC 182,1,Jones vs. Cormier,Ultimate Fighting Championship,Jones,Cormier,0,MGM Grand Garden Arena,"Las Vegas, Nevada",11575.0,3700000.0,800000.0
2015-01-18,UFC Fight Night,0,McGregor vs Siver,Ultimate Fighting Championship,McGregor,Siver,0,TD Garden,"Boston, Massachusetts",13828.0,1340000.0,
2015-01-24,UFC on Fox,0,Gustafsson vs. Johnson,Ultimate Fighting Championship,Gustafsson,Johnson,0,Tele2 Arena,"Stockholm, Sweden",30000.0,,
2015-01-31,UFC 183,1,Silva vs. Diaz,Ultimate Fighting Championship,Silva,Diaz,0,MGM Grand Garden Arena,"Las Vegas, Nevada",13114.0,4500000.0,650000.0
2015-02-14,UFC Fight Night,0,Henderson vs. Thatch,Ultimate Fighting Championship,Henderson,Thatch,0,1stBank Center,"Broomfield, Colorado",5807.0,382875.0,
2015-02-22,UFC Fight Night,0,Bigfoot vs. Mir,Ultimate Fighting Championship,Bigfoot,Mir,0,Ginásio Gigantinho,"Porto Alegre, Brazil",5080.0,,
2015-02-28,UFC 184,1,Rousey vs. Zingano,Ultimate Fighting Championship,Rousey,Zingano,0,Staples Center,"Los Angeles, California",16577.0,2675560.0,600000.0
2015-03-14,UFC 185,1,Pettis vs. dos Anjos,Ultimate Fighting Championship,Pettis,dos Anjos,0,American Airlines Center,"Dallas, Texas",14298.0,2155630.0,310000.0
2015-03-21,UFC Fight Night,0,Maia vs. LaFlare,Ultimate Fighting Championship,Maia,LaFlare,0,Ginásio do Maracanãzinho,"Rio de Janeiro, Brazil",7707.0,,
2015-04-04,UFC Fight Night,0,Mendes vs. Lamas,Ultimate Fighting Championship,Mendes,Lamas,0,Patriot Center,"Fairfax, Virginia",5417.0,545604.0,
2015-04-11,UFC Fight Night,0,Gonzaga vs. Cro Cop 2,Ultimate Fighting Championship,Gonzaga,Cro Cop,1,Tauron Arena Kraków,"Kraków, Poland",10000.0,720000.0,
2015-04-18,UFC on Fox,0,Machida vs. Rockhold,Ultimate Fighting Championship,Machida,Rockhold,0,Prudential Center,"Newark, New Jersey",13306.0,1200000.0,
2015-04-25,UFC 186,1,Johnson vs. Horiguchi,Ultimate Fighting Championship,Johnson,Horiguchi,0,Bell Centre,"Montreal, Quebec, Canada",10154.0,668000.0,125000.0
2015-05-10,UFC Fight Night,0,Miocic vs. Hunt,Ultimate Fighting Championship,Miocic,Hunt,0,Adelaide Entertainment Centre,"Adelaide, Australia",7984.0,833810.0,
2015-05-16,UFC Fight Night,0,Edgar vs. Faber,Ultimate Fighting Championship,Edgar,Faber,0,Mall of Asia Arena,"Pasay, Philippines",13446.0,,
2015-05-23,UFC 187,1,Johnson vs. Cormier,Ultimate Fighting Championship,Johnson,Cormier,0,MGM Grand Garden Arena,"Las Vegas, Nevada",12615.0,5189623.0,375000.0
2015-05-30,UFC Fight Night,0,Condit vs. Alves,Ultimate Fighting Championship,Condit,Alves,0,Goiânia Arena,"Goiânia, Brazil",3500.0,,
2015-06-06,UFC Fight Night,0,Boetsch vs. Henderson,Ultimate Fighting Championship,Boetsch,Henderson,0,Smoothie King Center,"New Orleans, Louisiana",6231.0,621523.0,
2015-06-13,UFC 188,1,Velasquez vs. Werdum,Ultimate Fighting Championship,Velasquez,Werdum,0,Arena Ciudad de México,"Mexico City, Mexico",21036.0,,300000.0
2015-06-20,UFC Fight Night,0,Jędrzejczyk vs. Penne,Ultimate Fighting Championship,Jędrzejczyk,Penne,0,O2 World,"Berlin, Germany",8155.0,,
2015-06-27,UFC Fight Night,0,Machida vs. Romero,Ultimate Fighting Championship,Machida,Romero,0,Seminole Hard Rock Hotel and Casino,"Hollywood, Florida",5604.0,,
2015-07-11,UFC 189,1,Mendes vs. McGregor,Ultimate Fighting Championship,Mendes,McGregor,0,MGM Grand Garden Arena,"Las Vegas, Nevada",16019.0,7201648.0,825000.0
2015-07-12,The Ultimate Fighter,0,American Top Team vs. Blackzilians Finale,Ultimate Fighting Championship,American Top Team,Blackzilians,0,MGM Grand Garden Arena,"Las Vegas, Nevada",4844.0,291000.0,
2015-07-15,UFC Fight Night,0, Mir vs. Duffee,Ultimate Fighting Championship, Mir,Duffee,0,Valley View Casino Center,"San Diego, California",5471.0,412000.0,
2015-07-18,UFC Fight Night,0,Bisping vs. Leites,Ultimate Fighting Championship,Bisping,Leites,0,The SSE Hydro,"Glasgow, Scotland",10451.0,1500000.0,
2015-07-25,UFC on Fox,0,Dillashaw vs. Barão 2,Ultimate Fighting Championship,Dillashaw,Barão,1,United Center,"Chicago, Illinois",11663.0,1200000.0,
2015-08-01,UFC 190,1,Rousey vs. Correia,Ultimate Fighting Championship,Rousey,Correia,0,HSBC Arena,"Rio de Janeiro, Brazil",14723.0,,900000.0
2015-08-08,UFC Fight Night,0,Teixeira vs. Saint Preux,Ultimate Fighting Championship,Teixeira,Saint Preux,0,Bridgestone Arena,"Nashville, Tennessee",7539.0,454551.0,
2015-08-23,UFC Fight Night,0,Holloway vs. Oliveira,Ultimate Fighting Championship,Holloway,Oliveira,0,SaskTel Centre,"Saskatoon, Saskatchewan, Canada",7202.0,,
2015-09-05,UFC 191,1,Johnson vs Dodson 2,Ultimate Fighting Championship,Johnson,Dodson,1,MGM Grand Garden Arena,"Las Vegas, Nevada",10873.0,1362700.0,115000.0
2015-09-27,UFC Fight Night,0,Barnett vs. Nelson,Ultimate Fighting Championship,Barnett,Nelson,0,Saitama Super Arena,"Saitama, Japan",10137.0,,
2015-10-03,UFC 192,1,Cormier vs. Gustafsson,Ultimate Fighting Championship,Cormier,Gustafsson,0,Toyota Center,"Houston, Texas",14622.0,1859000.0,250000.0
2015-10-24,UFC Fight Night,0,Holohan vs. Smolka,Ultimate Fighting Championship,Holohan,Smolka,0,3Arena,"Dublin, Ireland",9500.0,,
2015-11-07,UFC Fight Night,0,Belfort vs. Henderson 3,Ultimate Fighting Championship,Belfort,Henderson,1,Ginásio do Ibirapuera,"São Paulo, Brazil",10628.0,,
2015-11-15,UFC 193,1,Rousey vs. Holm,Ultimate Fighting Championship,Rousey,Holm,0,Etihad Stadium,"Melbourne, Australia",56214.0,6800000.0,1100000.0
2015-11-21,The Ultimate Fighter Latin America 2 Finale,0,Magny vs. Gastelum,Ultimate Fighting Championship,Magny,Gastelum,0,Arena Monterrey,"Monterrey, Mexico",10410.0,,
2015-11-28,UFC Fight Night,0,Henderson vs. Masvidal,Ultimate Fighting Championship,Henderson,Masvidal,0,Olympic Gymnastics Arena,"Seoul, South Korea",12156.0,,
2015-12-10,UFC Fight Night,0,Namajunas vs. VanZant,Ultimate Fighting Championship,Namajunas,VanZant,0,The Chelsea at The Cosmopolitan,"Las Vegas, Nevada",1643.0,234725.0,
2015-12-11,The Ultimate Fighter,0,Team McGregor vs. Team Faber Finale,Ultimate Fighting Championship,Team McGregor,Team Faber,0,The Chelsea at The Cosmopolitan,"Las Vegas, Nevada",1800.0,450000.0,
2015-12-12,UFC 194,1,Aldo vs. McGregor,Ultimate Fighting Championship,Aldo,McGregor,0,MGM Grand Garden Arena,"Las Vegas, Nevada",16516.0,10006249.0,1200000.0
2015-12-19,UFC on Fox,0,dos Anjos vs. Cerrone 2,Ultimate Fighting Championship,dos Anjos,Cerrone,1,Amway Center,"Orlando, Florida",14459.0,1710000.0,
2016-01-02,UFC 195,1,Lawler vs. Condit,Ultimate Fighting Championship,Lawler,Condit,0,MGM Grand Garden Arena,"Las Vegas, Nevada, U.S.",10300.0,2003986.0,300000.0
2016-01-17,UFC Fight Night,0,Dillashaw vs. Cruz,Ultimate Fighting Championship,Dillashaw,Cruz,0,TD Garden,"Boston, Massachusetts",12790.0,1300000.0,
2016-01-30,UFC on Fox,0,Johnson vs. Bader,Ultimate Fighting Championship,Johnson,Bader,0,Prudential Center,"Newark, New Jersey",10555.0,818000.0,
2016-02-06,UFC Fight Night,0,Hendricks vs. Thompson,Ultimate Fighting Championship,Hendricks,Thompson,0,MGM Grand Garden Arena,"Las Vegas, Nevada",7422.0,1435000.0,
2016-02-21,UFC Fight Night,0,Cowboy vs. Cowboy,Ultimate Fighting Championship,Cowboy,Cowboy,0,Consol Energy Center,"Pittsburgh, Pennsylvania",7330.0,572547.0,
2016-02-27,UFC Fight Night,0,Silva vs. Bisping,Ultimate Fighting Championship,Silva,Bisping,0,The O2 Arena,"London, England",16734.0,2000000.0,
2016-03-05,UFC 196,1,McGregor vs. Diaz,Ultimate Fighting Championship,McGregor,Diaz,0,MGM Grand Garden Arena,"Las Vegas, Nevada",14898.0,8197628.0,1317000.0
2016-03-20,UFC Fight Night,0,Hunt vs. Mir,Ultimate Fighting Championship,Hunt,Mir,0,Brisbane Entertainment Centre,"Brisbane, Australia",9552.0,1000000.0,
2016-04-10,UFC Fight Night,0,Rothwell vs. dos Santos,Ultimate Fighting Championship,Rothwell,dos Santos,0,Arena Zagreb,"Zagreb, Croatia",13177.0,549000.0,
2016-04-16,UFC on Fox,0,Teixeira vs. Evans,Ultimate Fighting Championship,Teixeira,Evans,0,Amalie Arena,"Tampa, Florida",11273.0,1057000.0,
2016-04-23,UFC 197,1,Jones vs. Saint Preux,Ultimate Fighting Championship,Jones,Saint Preux,0,MGM Grand Garden Arena,"Las Vegas, Nevada",11352.0,2300000.0,322000.0
2016-05-08,UFC Fight Night,0,Overeem vs. Arlovski,Ultimate Fighting Championship,Overeem,Arlovski,0,Ahoy Rotterdam,"Rotterdam, Netherlands",10421.0,1523320.0,
2016-05-14,UFC 198,1,Werdum vs. Miocic,Ultimate Fighting Championship,Werdum,Miocic,0,Arena da Baixada,"Curitiba, Brazil",45207.0,,217000.0
2016-05-29,UFC Fight Night,0,Almeida vs. Garbrandt,Ultimate Fighting Championship,Almeida,Garbrandt,0,Mandalay Bay Events Center,"Las Vegas, Nevada",5193.0,359000.0,
2016-06-04,UFC 199,1,Rockhold vs. Bisping 2,Ultimate Fighting Championship,Rockhold,Bisping,1,The Forum,"Inglewood, California",15587.0,2168675.0,283000.0
2016-06-18,UFC Fight Night,0,MacDonald vs. Thompson,Ultimate Fighting Championship,MacDonald,Thompson,0,TD Place Arena,"Ottawa, Ontario, Canada",10490.0,1278250.0,
2016-07-07,UFC Fight Night,0,Dos Anjos vs. Alvarez,Ultimate Fighting Championship,Dos Anjos,Alvarez,0,MGM Grand Garden Arena,"Las Vegas, Nevada",7760.0,690526.0,
2016-07-08,The Ultimate Fighter,0,Team Joanna vs. Team Cláudia Finale,Ultimate Fighting Championship,Team Joanna,Team Cláudia,0,MGM Grand Garden Arena,"Las Vegas, Nevada",8115.0,736408.0,
2016-07-09,UFC 200,1,Tate vs. Nunes,Ultimate Fighting Championship,Tate,Nunes,0,T-Mobile Arena,"Las Vegas, Nevada",18202.0,10746248.0,1009000.0
2016-07-13,UFC Fight Night,0,McDonald vs. Lineker,Ultimate Fighting Championship,McDonald,Lineker,0,Denny Sanford Premier Center,"Sioux Falls, South Dakota",5671.0,381945.0,
2016-07-23,UFC on Fox,0,Holm vs. Shevchenko,Ultimate Fighting Championship,Holm,Shevchenko,0,United Center,"Chicago, Illinois",10287.0,1000000.0,
2016-07-30,UFC 201,1,Lawler vs. Woodley,Ultimate Fighting Championship,Lawler,Woodley,0,Philips Arena,"Atlanta, Georgia",10240.0,1070000.0,240000.0
2016-08-06,UFC Fight Night,0,Rodríguez vs Caceres,Ultimate Fighting Championship,Rodríguez,Caceres,0,Vivint Smart Home Arena,"Salt Lake City, Utah",6689.0,481033.0,
2016-08-20,UFC 202,1,Diaz vs. McGregor 2,Ultimate Fighting Championship,Diaz,McGregor,1,T-Mobile Arena,"Las Vegas, Nevada",15539.0,7700810.0,1650000.0
2016-08-27,UFC on Fox,0,Maia vs Condit,Ultimate Fighting Championship,Maia,Condit,0,Rogers Arena,"Vancouver, British Columbia, Canada",10533.0,,
2016-09-03,UFC Fight Night,0,Arlovski vs. Barnett,Ultimate Fighting Championship,Arlovski,Barnett,0,Barclaycard Arena,"Hamburg, Germany",11763.0,913428.0,
2016-09-10,UFC 203,1,Miocic vs. Overeem,Ultimate Fighting Championship,Miocic,Overeem,0,Quicken Loans Arena,"Cleveland, Ohio",18875.0,2600000.0,450000.0
2016-09-17,UFC Fight Night,0,Poirier vs. Johnson,Ultimate Fighting Championship,Poirier,Johnson,0,State Farm Arena,"Hidalgo, Texas",5624.0,323419.0,
2016-09-24,UFC Fight Night,0,Cyborg vs. Länsberg,Ultimate Fighting Championship,Cyborg,Länsberg,0,Ginásio Nilson Nelson,"Brasília, Brazil",8410.0,,
2016-10-01,UFC Fight Night,0,Lineker vs. Dodson,Ultimate Fighting Championship,Lineker,Dodson,0,Moda Center,"Portland, Oregon",6240.0,501035.0,
2016-10-08,UFC 204,1,Bisping vs Henderson 2,Ultimate Fighting Championship,Bisping,Henderson,1,Manchester Arena,"Manchester, England",16000.0,1960000.0,290000.0
2016-11-05,The Ultimate Fighter Latin America 3 Finale,0,dos Anjos vs. Ferguson,Ultimate Fighting Championship,dos Anjos,Ferguson,0,Arena Ciudad de México,"Mexico City, Mexico",11460.0,,
2016-11-12,UFC 205,1,Alvarez vs. McGregor,Ultimate Fighting Championship,Alvarez,McGregor,0,Madison Square Garden,"New York City, New York",20427.0,17700000.0,1300000.0
2016-11-19,UFC Fight Night,0,Mousasi vs. Hall 2,Ultimate Fighting Championship,Mousasi,Hall,1,The SSE Arena,"Belfast, Northern Ireland",7222.0,850000.0,
2016-11-19,UFC Fight Night,0,Bader vs. Nogueira 2,Ultimate Fighting Championship,Bader,Nogueira,1,Ginásio do Ibirapuera,"São Paulo, Brazil",9028.0,,
2016-11-27,UFC Fight Night,0,Whittaker vs. Brunson,Ultimate Fighting Championship,Whittaker,Brunson,0,Rod Laver Arena,"Melbourne, Australia",13721.0,,
2016-12-03,The Ultimate Fighter,0,Tournament of Champions Finale,Ultimate Fighting Championship,,,0,Palms Casino Resort,"Las Vegas, Nevada",2044.0,188602.0,
2016-12-09,UFC Fight Night,0,Lewis vs. Abdurakhimov,Ultimate Fighting Championship,Lewis,Abdurakhimov,0,Times Union Center,"Albany, New York",6216.0,411000.0,
2016-12-10,UFC 206,1,Holloway vs. Pettis,Ultimate Fighting Championship,Holloway,Pettis,0,Air Canada Centre,"Toronto, Ontario, Canada",18057.0,1843101.0,150000.0
2016-12-17,UFC on Fox,0,VanZant vs. Waterson,Ultimate Fighting Championship,VanZant,Waterson,0,Golden 1 Center,"Sacramento, California",10525.0,1238992.0,
2016-12-30,UFC 207,1,Nunes vs. Rousey,Ultimate Fighting Championship,Nunes,Rousey,0,T-Mobile Arena,"Las Vegas, Nevada",18533.0,4750000.0,1100000.0
2017-01-15,UFC Fight Night,0,Rodríguez vs. Penn,Ultimate Fighting Championship,Rodríguez,Penn,0,Talking Stick Resort Arena,"Phoenix, Arizona",11589.0,913372.0,
2017-01-28,UFC on Fox,0,Shevchenko vs. Peña,Ultimate Fighting Championship,Shevchenko,Peña,0,Pepsi Center,"Denver, Colorado",13233.0,1020434.0,
2017-02-04,UFC Fight Night,0,Bermudez vs. Korean Zombie,Ultimate Fighting Championship,Bermudez,Korean Zombie,0,Toyota Center,"Houston, Texas",8119.0,611133.0,
2017-02-11,UFC 208,1,Holm vs. de Randamie,Ultimate Fighting Championship,Holm,de Randamie,0,Barclays Center,"Brooklyn, New York",15628.0,2275105.0,200000.0
2017-02-19,UFC Fight Night,0,Lewis vs. Browne,Ultimate Fighting Championship,Lewis,Browne,0,Scotiabank Centre,"Halifax, Nova Scotia, Canada",8123.0,575832.0,
2017-03-04,UFC 209,1,Woodley vs. Thompson 2,Ultimate Fighting Championship,Woodley,Thompson,1,T-Mobile Arena,"Las Vegas, Nevada",13150.0,,300000.0
2017-03-11,UFC Fight Night,0,Belfort vs. Gastelum,Ultimate Fighting Championship,Belfort,Gastelum,0,Centro de Formação Olímpica do Nordeste,"Fortaleza, Brazil",14069.0,,
2017-03-18,UFC Fight Night,0,Manuwa vs. Anderson,Ultimate Fighting Championship,Manuwa,Anderson,0,The O2 Arena,"London, England",15761.0,2015777.0,
2017-04-08,UFC 210,1,Cormier vs Johnson 2,Ultimate Fighting Championship,Cormier,Johnson,1,KeyBank Center,"Buffalo, New York",17110.0,2000000.0,300000.0
2017-04-15,UFC on Fox,0,Johnson vs. Reis,Ultimate Fighting Championship,Johnson,Reis,0,Sprint Center,"Kansas City, Missouri",12171.0,1081193.0,
2017-04-22,UFC Fight Night,0,Swanson vs. Lobov,Ultimate Fighting Championship,Swanson,Lobov,0,Bridgestone Arena,"Nashville, Tennessee",10144.0,755180.0,
2017-05-13,UFC 211,1,Miocic vs dos Santos 2,Ultimate Fighting Championship,Miocic,dos Santos,1,American Airlines Center,"Dallas, Texas",17834.0,2662645.0,300000.0
2017-05-28,UFC Fight Night,0,Gustafsson vs. Teixeira,Ultimate Fighting Championship,Gustafsson,Teixeira,0,Ericsson Globe,"Stockholm, Sweden",12668.0,1920000.0,
2017-06-03,UFC 212,1,Aldo vs. Holloway,Ultimate Fighting Championship,Aldo,Holloway,0,Jeunesse Arena,"Rio de Janeiro, Brazil",15412.0,,200000.0
2017-06-11,UFC Fight Night,0,Lewis vs. Hunt,Ultimate Fighting Championship,Lewis,Hunt,0,Spark Arena,"Auckland, New Zealand",7468.0,800298.0,
2017-06-17,UFC Fight Night,0,Holm vs. Correia,Ultimate Fighting Championship,Holm,Correia,0,Singapore Indoor Stadium,"Kallang, Singapore",8414.0,839300.0,
2017-06-25,UFC Fight Night,0,Chiesa vs. Lee,Ultimate Fighting Championship,Chiesa,Lee,0,Chesapeake Energy Arena,"Oklahoma City, Oklahoma",7605.0,549302.0,
2017-07-07,The Ultimate Fighter,0,Redemption Finale,Ultimate Fighting Championship,,,0,T-Mobile Arena,"Paradise, Nevada",6308.0,432495.0,
2017-07-08,UFC 213,1,Romero vs. Whittaker,Ultimate Fighting Championship,Romero,Whittaker,0,T-Mobile Arena,"Las Vegas, Nevada",12834.0,2400000.0,150000.0
2017-07-16,UFC Fight Night,0,Nelson vs. Ponzinibbio,Ultimate Fighting Championship,Nelson,Ponzinibbio,0,The SSE Hydro,"Glasgow, Scotland",10589.0,1200000.0,
2017-07-22,UFC on Fox,0,Weidman vs. Gastelum,Ultimate Fighting Championship,Weidman,Gastelum,0,Nassau Veterans Memorial Coliseum,"Uniondale, New York",11198.0,1088332.0,
2017-07-29,UFC 214,1,Cormier vs. Jones 2,Ultimate Fighting Championship,Cormier,Jones,1,Honda Center,"Anaheim, California",16610.0,2448870.0,860000.0
2017-08-05,UFC Fight Night,0,Pettis vs. Moreno,Ultimate Fighting Championship,Pettis,Moreno,0,Arena Ciudad de México,"Mexico City, Mexico",10172.0,,
2017-09-02,UFC Fight Night,0,Volkov vs. Struve,Ultimate Fighting Championship,Volkov,Struve,0,Ahoy Rotterdam,"Rotterdam, Netherlands",10224.0,900000.0,
2017-09-09,UFC 215,1,Nunes vs. Shevchenko 2,Ultimate Fighting Championship,Nunes,Shevchenko,1,Rogers Place,"Edmonton, Alberta, Canada",16232.0,2028307.0,100000.0
2017-09-16,UFC Fight Night,0,Rockhold vs. Branch,Ultimate Fighting Championship,Rockhold,Branch,0,PPG Paints Arena,"Pittsburgh, Pennsylvania",7005.0,396190.0,
2017-09-23,UFC Fight Night,0,Saint Preux vs. Okami,Ultimate Fighting Championship,Saint Preux,Okami,0,Saitama Super Arena,"Saitama, Japan",8571.0,,
2017-10-07,UFC 216,1,Ferguson vs. Lee,Ultimate Fighting Championship,Ferguson,Lee,0,T-Mobile Arena,"Las Vegas, Nevada",10638.0,677999.0,200000.0
2017-10-21,UFC Fight Night,0,Cowboy vs. Till,Ultimate Fighting Championship,Cowboy,Till,0,Ergo Arena,"Gdańsk, Poland",11138.0,677000.0,
2017-10-28,UFC Fight Night,0,Brunson vs. Machida,Ultimate Fighting Championship,Brunson,Machida,0,Ginásio do Ibirapuera,"São Paulo, Brazil",10265.0,,
2017-11-04,UFC 217,1,Bisping vs. St-Pierre,Ultimate Fighting Championship,Bisping,St-Pierre,0,Madison Square Garden,"New York City, New York",18201.0,6200000.0,875000.0
2017-11-11,UFC Fight Night,0,Poirier vs. Pettis,Ultimate Fighting Championship,Poirier,Pettis,0,Ted Constant Convocation Center,"Norfolk, Virginia",8442.0,642070.0,
2017-11-19,UFC Fight Night,0,Werdum vs. Tybura,Ultimate Fighting Championship,Werdum,Tybura,0,Qudos Bank Arena,Sydney,10021.0,,
2017-11-25,UFC Fight Night,0,Bisping vs. Gastelum,Ultimate Fighting Championship,Bisping,Gastelum,0,Mercedes Benz Arena,"Shanghai, China",15128.0,,
2017-12-01,The Ultimate Fighter,0,A New World Champion Finale,Ultimate Fighting Championship,,,0,Park Theater,"Paradise, Nevada",,,
2017-12-02,UFC 218,1,Holloway vs. Aldo 2,Ultimate Fighting Championship,Holloway,Aldo,1,Little Caesars Arena,"Detroit, Michigan",17587.0,2000000.0,230000.0
2017-12-09,UFC Fight Night,0,Swanson vs. Ortega,Ultimate Fighting Championship,Swanson,Ortega,0,Save Mart Center,"Fresno, California",7605.0,568290.0,
2017-12-16,UFC on Fox,0,Lawler vs. dos Anjos,Ultimate Fighting Championship,Lawler,dos Anjos,0,Bell MTS Place,"Winnipeg, Canada",8862.0,781359.0,
2017-12-30,UFC 219,1,Cyborg vs. Holm,Ultimate Fighting Championship,Cyborg,Holm,0,T-Mobile Arena,"Las Vegas, Nevada",13561.0,1760628.0,380000.0
2018-01-14,UFC Fight Night,0,Stephens vs. Choi,Ultimate Fighting Championship,Stephens,Choi,0,Scottrade Center,"St. Louis, Missouri, U.S.",10052.0,812995.0,
2018-01-20,UFC 220,1,Miocic vs. Ngannou,Ultimate Fighting Championship,Miocic,Ngannou,0,TD Garden,"Boston, Massachusetts",16015.0,2450000.0,380000.0
2018-01-27,UFC on Fox,0,Jacaré vs. Brunson 2,Ultimate Fighting Championship,Jacaré,Brunson,1,Spectrum Center,"Charlotte, North Carolina, U.S",10249.0,944202.0,
2018-02-03,UFC Fight Night,0,Machida vs. Anders,Ultimate Fighting Championship,Machida,Anders,0,Arena Guilherme Paraense,"Belém, Brazil",10144.0,,
2018-02-11,UFC 221,1,Romero vs. Rockhold,Ultimate Fighting Championship,Romero,Rockhold,0,Perth Arena,"Perth, Australia",12437.0,2810520.0,
2018-02-18,UFC Fight Night,0,Cowboy vs. Medeiros,Ultimate Fighting Championship,Cowboy,Medeiros,0,Frank Erwin Center,"Austin, Texas",10502.0,794350.0,
2018-02-24,UFC on Fox,0,Emmett vs. Stephens,Ultimate Fighting Championship,Emmett,Stephens,0,Amway Center,"Orlando, Florida",10124.0,1064303.0,
2018-03-03,UFC 222,1,Cyborg vs. Kunitskaya,Ultimate Fighting Championship,Cyborg,Kunitskaya,0,T-Mobile Arena,"Las Vegas, Nevada",12041.0,1367672.0,260000.0
2018-03-17,UFC Fight Night,0,Werdum vs. Volkov,Ultimate Fighting Championship,Werdum,Volkov,0,The O2 Arena,"London, England",16274.0,,
2018-04-07,UFC 223,1,Khabib vs. Iaquinta,Ultimate Fighting Championship,Khabib,Iaquinta,0,Barclays Center,"Brooklyn, New York",17026.0,3007108.0,350000.0
2018-04-14,UFC on Fox,0,Poirier vs. Gaethje,Ultimate Fighting Championship,Poirier,Gaethje,0,Gila River Arena,"Glendale, Arizona",11382.0,1085712.0,
2018-04-21,UFC Fight Night,0,Barboza vs. Lee,Ultimate Fighting Championship,Barboza,Lee,0,Boardwalk Hall,"Atlantic City, New Jersey",9541.0,923720.0,
2018-05-12,UFC 224,1,Nunes vs. Pennington,Ultimate Fighting Championship,Nunes,Pennington,0,Jeunesse Arena,"Rio de Janeiro, Brazil",10696.0,,85000.0
2018-05-19,UFC Fight Night,0,Maia vs. Usman,Ultimate Fighting Championship,Maia,Usman,0,Movistar Arena,"Santiago, Chile",11082.0,,
2018-05-27,UFC Fight Night,0,Thompson vs. Till,Ultimate Fighting Championship,Thompson,Till,0,Echo Arena,"Liverpool, England",8520.0,1300000.0,
2018-06-01,UFC Fight Night,0,Rivera vs. Moraes,Ultimate Fighting Championship,Rivera,Moraes,0,Adirondack Bank Center,"Utica, New York",5063.0,322825.0,
2018-06-09,UFC 225,1,Whittaker vs. Romero 2,Ultimate Fighting Championship,Whittaker,Romero,1,United Center,"Chicago, Illinois",18117.0,2550000.0,250000.0
2018-06-23,UFC Fight Night,0,Cowboy vs. Edwards,Ultimate Fighting Championship,Cowboy,Edwards,0,Singapore Indoor Stadium,"Kallang, Singapore",6419.0,,
2018-07-06,The Ultimate Fighter,0,Undefeated Finale,Ultimate Fighting Championship,,,0,Pearl Theatre,"Paradise, Nevada",2123.0,293615.0,
2018-07-07,UFC 226,1,Miocic vs. Cormier,Ultimate Fighting Championship,Miocic,Cormier,0,T-Mobile Arena,"Paradise, Nevada",17464.0,5677238.0,380000.0
2018-07-14,UFC Fight Night,0,dos Santos vs. Ivanov,Ultimate Fighting Championship,dos Santos,Ivanov,0,CenturyLink Arena,"Boise, Idaho",5648.0,591575.0,
2018-07-22,UFC Fight Night,0,Shogun vs. Smith,Ultimate Fighting Championship,Shogun,Smith,0,Barclaycard Arena,"Hamburg, Germany",7798.0,750000.0,
2018-07-28,UFC on Fox,0,Alvarez vs. Poirier 2,Ultimate Fighting Championship,Alvarez,Poirier,1,Scotiabank Saddledome,"Calgary, Alberta, Canada",10603.0,,
2018-08-04,UFC 227,1,Dillashaw vs. Garbrandt 2,Ultimate Fighting Championship,Dillashaw,Garbrandt,1,Staples Center,"Los Angeles, California",17794.0,2850000.0,300000.0
2018-08-25,UFC Fight Night,0,Gaethje vs. Vick,Ultimate Fighting Championship,Gaethje,Vick,0,Pinnacle Bank Arena,"Lincoln, Nebraska",6409.0,478337.0,
2018-09-08,UFC 228,1,Woodley vs. Till,Ultimate Fighting Championship,Woodley,Till,0,American Airlines Center,"Dallas, Texas",14073.0,1700000.0,
2018-09-15,UFC Fight Night,0,Hunt vs. Oliynyk,Ultimate Fighting Championship,Hunt,Oliynyk,0,Olimpiyskiy Stadium,"Moscow, Russia",,,
2018-09-22,UFC Fight Night,0,Manuwa vs. Santos,Ultimate Fighting Championship,Manuwa,Santos,0,Ginásio do Ibirapuera,"São Paulo, Brazil",,,
2018-10-06,UFC 229,1,Khabib vs. McGregor,Ultimate Fighting Championship,Khabib,McGregor,0,T-Mobile Arena,"Paradise, Nevada",,,
2018-10-27,UFC Fight Night,0,Volkan vs. Smith,Ultimate Fighting Championship,Volkan,Smith,0,Moncton Events Centre,"Moncton, New Brunswick, Canada",,,
2018-11-03,UFC 230,1,,Ultimate Fighting Championship,,,0,Madison Square Garden,"New York City, New York",,,
2018-11-10,UFC Fight Night,0,Edgar vs. Korean Zombie,Ultimate Fighting Championship,Edgar,Korean Zombie,0,Pepsi Center,"Denver, Colorado",,,
2018-11-17,UFC Fight Night,0,Magny vs. Ponzinibbio,Ultimate Fighting Championship,Magny,Ponzinibbio,0,Parque Polideportivo Roca,"Buenos Aires, Argentina",,,
2018-11-25,UFC Fight Night,0,Blaydes vs. Ngannou 2,Ultimate Fighting Championship,Blaydes,Ngannou,1,Cadillac Arena,"Beijing, China",,,
2018-11-30,The Ultimate Fighter,0,Heavy Hitters Finale,Ultimate Fighting Championship,,,0,Pearl Theatre at Palms Casino Resort,"Las Vegas, Nevada, United States",,,
2018-12-02,UFC Fight Night,0,dos Santos vs. Tuivasa,Ultimate Fighting Championship,dos Santos,Tuivasa,0,Adelaide Entertainment Centre,"Adelaide, Australia",,,
2018-12-08,UFC 231,1,,Ultimate Fighting Championship,,,0,Scotiabank Arena,"Toronto, Ontario, Canada",,,
2018-12-15,UFC on Fox 31,0,,Ultimate Fighting Championship,,,0,Fiserv Forum,"Milwaukee, Wisconsin",,,
2018-12-29,UFC 232,1,,Ultimate Fighting Championship,,,0,T-Mobile Arena,"Paradise, Nevada",,,
